{
    "H": {
        "alpha_0": 4.500000,
        "C6": 6.500000,
        "R_vdw": 3.100000
    },
    "He": {
        "alpha_0": 1.380000,
        "C6": 1.460000,
        "R_vdw": 2.650000
    },
    "Li": {
        "alpha_0": 164.200000,
        "C6": 1387.000000,
        "R_vdw": 4.160000
    },
    "Be": {
        "alpha_0": 38.000000,
        "C6": 214.000000,
        "R_vdw": 4.170000
    },
    "B": {
        "alpha_0": 21.000000,
        "C6": 99.500000,
        "R_vdw": 3.890000
    },
    "C": {
        "alpha_0": 12.000000,
        "C6": 46.600000,
        "R_vdw": 3.590000
    },
    "N": {
        "alpha_0": 7.400000,
        "C6": 24.200000,
        "R_vdw": 3.340000
    },
    "O": {
        "alpha_0": 5.400000,
        "C6": 15.600000,
        "R_vdw": 3.190000
    },
    "F": {
        "alpha_0": 3.800000,
        "C6": 9.520000,
        "R_vdw": 3.040000
    },
    "Ne": {
        "alpha_0": 2.670000,
        "C6": 6.380000,
        "R_vdw": 2.910000
    },
    "Na": {
        "alpha_0": 162.700000,
        "C6": 1556.000000,
        "R_vdw": 3.730000
    },
    "Mg": {
        "alpha_0": 71.000000,
        "C6": 627.000000,
        "R_vdw": 4.270000
    },
    "Al": {
        "alpha_0": 60.000000,
        "C6": 528.000000,
        "R_vdw": 4.330000
    },
    "Si": {
        "alpha_0": 37.000000,
        "C6": 305.000000,
        "R_vdw": 4.200000
    },
    "P": {
        "alpha_0": 25.000000,
        "C6": 185.000000,
        "R_vdw": 4.010000
    },
    "S": {
        "alpha_0": 19.600000,
        "C6": 134.000000,
        "R_vdw": 3.860000
    },
    "Cl": {
        "alpha_0": 15.000000,
        "C6": 94.600000,
        "R_vdw": 3.710000
    },
    "Ar": {
        "alpha_0": 11.100000,
        "C6": 64.300000,
        "R_vdw": 3.550000
    },
    "K": {
        "alpha_0": 292.900000,
        "C6": 3897.000000,
        "R_vdw": 3.710000
    },
    "Ca": {
        "alpha_0": 160.000000,
        "C6": 2221.000000,
        "R_vdw": 4.650000
    },
    "Sc": {
        "alpha_0": 120.000000,
        "C6": 1383.000000,
        "R_vdw": 4.590000
    },
    "Ti": {
        "alpha_0": 98.000000,
        "C6": 1044.000000,
        "R_vdw": 4.510000
    },
    "V": {
        "alpha_0": 84.000000,
        "C6": 832.000000,
        "R_vdw": 4.440000
    },
    "Cr": {
        "alpha_0": 78.000000,
        "C6": 602.000000,
        "R_vdw": 3.990000
    },
    "Mn": {
        "alpha_0": 63.000000,
        "C6": 552.000000,
        "R_vdw": 3.970000
    },
    "Fe": {
        "alpha_0": 56.000000,
        "C6": 482.000000,
        "R_vdw": 4.230000
    },
    "Co": {
        "alpha_0": 50.000000,
        "C6": 408.000000,
        "R_vdw": 4.180000
    },
    "Ni": {
        "alpha_0": 48.000000,
        "C6": 373.000000,
        "R_vdw": 3.820000
    },
    "Cu": {
        "alpha_0": 42.000000,
        "C6": 253.000000,
        "R_vdw": 3.760000
    },
    "Zn": {
        "alpha_0": 40.000000,
        "C6": 284.000000,
        "R_vdw": 4.020000
    },
    "Ga": {
        "alpha_0": 60.000000,
        "C6": 498.000000,
        "R_vdw": 4.190000
    },
    "Ge": {
        "alpha_0": 41.000000,
        "C6": 354.000000,
        "R_vdw": 4.200000
    },
    "As": {
        "alpha_0": 29.000000,
        "C6": 246.000000,
        "R_vdw": 4.110000
    },
    "Se": {
        "alpha_0": 25.000000,
        "C6": 210.000000,
        "R_vdw": 4.040000
    },
    "Br": {
        "alpha_0": 20.000000,
        "C6": 162.000000,
        "R_vdw": 3.930000
    },
    "Kr": {
        "alpha_0": 16.800000,
        "C6": 129.600000,
        "R_vdw": 3.820000
    },
    "Rb": {
        "alpha_0": 319.200000,
        "C6": 4691.000000,
        "R_vdw": 3.720000
    },
    "Sr": {
        "alpha_0": 199.000000,
        "C6": 3170.000000,
        "R_vdw": 4.540000
    },
    "Y": {
        "alpha_0": 126.7370,
        "C6": 1968.580,
        "R_vdw": 4.81510
    },
    "Zr": {
        "alpha_0": 119.97,
        "C6": 1677.91,
        "R_vdw": 4.53
    },
    "Nb": {
        "alpha_0": 101.603,
        "C6": 1263.61,
        "R_vdw": 4.2365
    },
    "Mo": {
        "alpha_0": 88.4225785,
        "C6": 1028.73,
        "R_vdw": 4.099
    },
    "Tc": {
        "alpha_0": 80.083,
        "C6": 1390.87,
        "R_vdw": 4.076
    },
    "Ru": {
        "alpha_0": 65.8950,
        "C6": 609.754,
        "R_vdw": 3.99530
    },
    "Rh": {
        "alpha_0": 56.1,
        "C6": 469.0,
        "R_vdw": 3.95
    },
    "Pd": {
        "alpha_0": 23.680000,
        "C6": 157.500000,
        "R_vdw": 3.66000
    },
    "Ag": {
        "alpha_0": 50.600000,
        "C6": 339.000000,
        "R_vdw": 3.820000
    },
    "Cd": {
        "alpha_0": 39.7,
        "C6": 452.0,
        "R_vdw": 3.99
    },
    "In": {
        "alpha_0": 70.22000,
        "C6": 707.046000,
        "R_vdw": 4.23198000
    },
    "Sn": {
        "alpha_0": 55.9500,
        "C6": 587.41700,
        "R_vdw": 4.303000
    },
    "Sb": {
        "alpha_0": 43.671970 ,
        "C6": 459.322,
        "R_vdw": 4.2760
    },
    "Te": {
        "alpha_0": 37.65,
        "C6": 396.0,
        "R_vdw": 4.22
    },
    "I": {
        "alpha_0": 35.000000,
        "C6": 385.000000,
        "R_vdw": 4.170000
    },
    "Xe": {
        "alpha_0": 27.300000,
        "C6": 285.900000,
        "R_vdw": 4.080000
    },
    "Cs": {
        "alpha_0": 427.12,
        "C6": 6582.08,
        "R_vdw": 3.78
    },
    "Ba": {
        "alpha_0": 275.0,
        "C6": 5727.0,
        "R_vdw": 4.77
    },
    "Hf": {
        "alpha_0": 99.52,
        "C6": 1274.8,
        "R_vdw": 4.21
    },
    "Ta": {
        "alpha_0": 82.53,
        "C6": 1019.92,
        "R_vdw": 4.15
    },
    "W": {
        "alpha_0": 71.041,
        "C6": 847.93,
        "R_vdw": 4.08
    },
    "Re": {
        "alpha_0": 63.04,
        "C6": 710.2,
        "R_vdw": 4.02
    },
    "Os": {
        "alpha_0": 55.055,
        "C6": 596.67,
        "R_vdw": 3.84
    },
    "Ir": {
        "alpha_0": 42.51,
        "C6": 359.1,
        "R_vdw": 4.00
    },
    "Pt": {
        "alpha_0": 39.68,
        "C6": 347.1,
        "R_vdw": 3.92
    },
    "Au": {
        "alpha_0": 36.5,
        "C6": 298.0,
        "R_vdw": 3.86
    },
    "Hg": {
        "alpha_0": 33.9,
        "C6": 392.0,
        "R_vdw": 3.98
    },
    "Tl": {
        "alpha_0": 69.92,
        "C6": 717.44,
        "R_vdw": 3.91
    },
    "Pb": {
        "alpha_0": 61.8,
        "C6": 697.0,
        "R_vdw": 4.31
    },
    "Bi": {
        "alpha_0": 49.02,
        "C6": 571.0,
        "R_vdw": 4.32
    },
    "Po": {
        "alpha_0": 45.013,
        "C6": 530.92,
        "R_vdw": 4.097
    },
    "At": {
        "alpha_0": 38.93,
        "C6": 457.53,
        "R_vdw": 4.07
    },
    "Rn": {
        "alpha_0": 33.54,
        "C6": 390.63,
        "R_vdw": 4.23
    }
}
